video_link,views,likes,dislikes,subscribers
https://www.youtube.com/watch?v=SWStkkX3iKc,10447924,147689,2137,3633146
https://www.youtube.com/watch?v=NY76dwTLF14,8233367,73401,1834,3633146
https://www.youtube.com/watch?v=aXlGiKzzZDA,6788196,73878,1962,3633146
https://www.youtube.com/watch?v=onAuZfm3lfM,5933419,82580,2035,3633146
https://www.youtube.com/watch?v=SFERtkJ8fgo,5891971,0,0,3633146
https://www.youtube.com/watch?v=gkELwnplEmE,5163564,72945,3044,3633146
https://www.youtube.com/watch?v=aYfyvQBSblg,5139809,62795,1214,3633146
https://www.youtube.com/watch?v=RgXBD7KOxV0,4556113,60735,1233,3633146
https://www.youtube.com/watch?v=iWqFA_lOpWw,3674565,38159,2039,3633146
https://www.youtube.com/watch?v=IT3nKSSTvow,3638747,34186,3781,3633146
